amfi_code,CAGR_3Y,Sharpe_Ratio,Alpha,Max_Drawdown,scheme_name,expense_ratio_pct,Return_Score,Sharpe_Score,Alpha_Score,Expense_Score,Drawdown_Score,Fund_Score,Rank
120505,0.3176924285223732,1.1905585963067509,0.2926358334175106,-0.18188513572116294,ICICI Pru Midcap Fund - Regular - Growth,1.36,90.0,90.0,95.0,65.0,62.5,84.5,1
119094,0.35102527889035406,1.008625789131447,0.2607666908004223,-0.20960883862039192,Axis Midcap Fund - Regular - Growth,1.38,100.0,75.0,80.0,60.0,70.0,80.75,2
100033,0.3243397122906222,1.1043517629506803,0.2719535450128533,-0.16217208574644848,HDFC Mid-Cap Opportunities Fund - Regular - Growth,1.38,92.5,85.0,87.5,60.0,50.0,80.5,3
148567,0.33991970400445304,1.46250402900308,0.2698375144191807,-0.11265729075028275,Mirae Asset Large Cap Fund - Regular - Growth,1.46,97.5,100.0,85.0,45.0,20.0,80.0,4
120843,0.2957511058901836,1.3194419817117222,0.27330465038306057,-0.1297396816518679,Kotak Flexicap Fund - Regular - Growth,1.45,85.0,97.5,90.0,47.5,32.5,78.25,5
120504,0.32478927222623,1.0405688566490552,0.2119482701352573,-0.12588275606922517,ICICI Pru Bluechip Fund - Direct - Growth,0.8,95.0,77.5,70.0,72.5,30.0,75.75,6
119598,0.2666309129954312,0.9533324621776287,0.3033696538698332,-0.2870600572176455,SBI Small Cap Fund - Regular Plan - Growth,1.43,72.5,67.5,100.0,50.0,90.0,75.125,7
149324,0.2699350260734621,0.9579170598994395,0.3005787817097677,-0.31171900300634214,DSP Small Cap Fund - Regular - Growth,1.52,77.5,70.0,97.5,36.25,92.5,74.9375,8
148569,0.2917135767741186,1.2463441409620546,0.2827036785246582,-0.1639674294693263,Mirae Asset Tax Saver Fund - Regular - Growth,1.6,82.5,95.0,92.5,11.25,52.5,73.9375,9
119551,0.3044861306002782,1.222947214685128,0.23201007160635082,-0.1501238549864533,SBI Bluechip Fund - Regular Plan - Growth,1.54,87.5,92.5,77.5,26.25,42.5,73.0625,10
118632,0.22646647456747715,1.0959175992660923,0.21829397904608644,-0.17414075086657232,Nippon India Large Cap Fund - Regular - Growth,1.51,67.5,82.5,75.0,41.25,57.49999999999999,67.8125,11
149323,0.26863103668817145,1.1434895599140866,0.26598577542043045,-0.17248105753451382,DSP Midcap Fund - Regular - Growth,1.61,75.0,87.5,82.5,7.5,55.00000000000001,67.5,12
101206,0.28960211096593724,1.0410608155745142,0.21399784776051212,-0.11291596329323073,ABSL Frontline Equity Fund - Regular - Growth,1.6,80.0,80.0,72.5,11.25,22.5,62.4375,13
119552,0.16263375081360643,0.9677516848309506,0.1986859936686296,-0.11803493502764295,SBI Bluechip Fund - Direct Plan - Growth,0.66,45.0,72.5,65.0,92.5,27.500000000000004,61.25,14
118633,0.21084691029380598,0.6596198173038668,0.15643835948169668,-0.18629743138595511,Nippon India Large Cap Fund - Direct - Growth,0.72,65.0,47.5,47.5,88.75,65.0,60.6875,15
125497,0.18429918008610047,0.7895427197023165,0.17729754927531766,-0.15200013055606398,HDFC Top 100 Fund - Direct Plan - Growth,0.92,55.00000000000001,55.00000000000001,62.5,67.5,45.0,57.375,16
120506,0.18417429266835228,0.6621241011051734,0.1625385327998104,-0.1982565826298267,ICICI Pru Value Discovery Fund - Regular - Growth,1.41,52.5,50.0,52.5,55.00000000000001,67.5,53.75,17
118635,0.2000321571698329,0.6803950621402518,0.1513635464823924,-0.1165062450540909,Nippon India ETF Nifty 50 BeES,0.89,60.0,52.5,45.0,70.0,25.0,53.125,18
148568,0.14744434832760533,0.9393621577599311,0.20873010086942337,-0.1527259422823477,Mirae Asset Emerging Bluechip Fund - Regular - Growth,1.52,42.5,65.0,67.5,36.25,47.5,52.6875,19
119093,0.20811559826631898,0.14404122210428397,0.08232801295222093,-0.21751396370148224,Axis Bluechip Fund - Direct - Growth,0.75,62.5,27.500000000000004,32.5,82.5,77.5,52.25,20
102887,0.25549670172502026,0.632319243278044,0.16211256794033255,-0.21539827112383225,UTI Flexi Cap Fund - Regular - Growth,1.64,70.0,45.0,50.0,3.75,75.0,50.3125,21
120503,0.13974980348212673,0.8125023019488139,0.17703302365844073,-0.13897862823061635,ICICI Pru Bluechip Fund - Regular - Growth,1.42,40.0,57.49999999999999,60.0,52.5,35.0,49.75,22
102885,0.19662361245910964,0.8328147683762688,0.17048756803412696,-0.1085986215250232,UTI Nifty 50 Index Fund - Regular - Growth,1.57,57.49999999999999,60.0,55.00000000000001,17.5,17.5,47.625,23
125498,0.11242518737374207,0.31160409740522227,0.11989100971217971,-0.21117279560132118,HDFC Mid-Cap Opportunities Fund - Direct - Growth,0.78,37.5,35.0,37.5,77.5,72.5,46.375,24
118634,0.080060298597036,0.4564261243061777,0.1750072167561127,-0.2334488614483311,Nippon India Small Cap Fund - Regular - Growth,1.53,35.0,37.5,57.49999999999999,31.25,80.0,44.0625,25
120507,0.07392538786263403,0.9041623305389642,0.06746210411099539,-0.0009773140045925555,ICICI Pru Liquid Fund - Regular - Growth,0.74,30.0,62.5,25.0,85.0,2.5,42.625,26
149322,0.1803973982038829,0.4780917280523983,0.13173190226099432,-0.14844576917771746,DSP Top 100 Equity Fund - Regular - Growth,1.54,50.0,40.0,42.5,26.25,40.0,41.4375,27
120841,0.1726301444443794,0.5092559163430059,0.13042924450705445,-0.1757361416468729,Kotak Bluechip Fund - Regular - Growth,1.59,47.5,42.5,40.0,15.0,60.0,41.125,28
120844,0.06694394239074852,0.30425182333434436,0.06455677495375998,-0.0011629327956168556,Kotak Liquid Fund - Regular - Growth,0.6,27.500000000000004,32.5,22.5,95.0,5.0,35.625,29
120842,0.0775416750547262,0.08727318479040212,0.0780443887615508,-0.24003511326274884,Kotak Emerging Equity Fund - Regular - Growth,1.56,32.5,25.0,30.0,20.0,82.5,33.25,30
119599,-0.01337083602283895,-0.049101169454301964,0.048824215945539845,-0.5257422117012851,SBI Small Cap Fund - Direct Plan - Growth,0.72,7.5,20.0,12.5,88.75,100.0,33.0625,31
101207,-0.04151453816140693,0.17048069518831582,0.10897091901704538,-0.3544691649336603,ABSL Small Cap Fund - Regular - Growth,1.53,5.0,30.0,35.0,31.25,95.0,30.1875,32
118636,0.04061259859840338,-0.30601321923949243,0.05074772999976104,-0.08316361763638702,Nippon India Gilt Securities Fund - Regular - Growth,0.55,20.0,7.5,15.0,100.0,15.0,27.375,33
119120,0.05838988442093762,-0.17572336328229415,0.05620895216638369,-0.04328728923970093,SBI Magnum Gilt Fund - Regular Plan - Growth,0.77,22.5,15.0,17.5,80.0,12.5,27.25,34
119095,-0.11703299329834216,-0.0679256784693741,0.04801595363775955,-0.5167775370852656,Axis Small Cap Fund - Regular - Growth,1.38,2.5,17.5,10.0,60.0,97.5,25.875,35
101208,0.06314299292105274,-0.41722938246152713,0.060861457957871144,-0.0016224980244717857,ABSL Liquid Fund - Regular - Growth,0.79,25.0,5.0,20.0,75.0,7.5,24.75,36
100025,0.03915479354684703,-0.5154378235861931,0.042817920315060876,-0.04308263824636349,HDFC Short Term Debt Fund - Regular - Growth,0.56,17.5,2.5,7.5,97.5,10.0,23.0,37
102886,-0.007672319440258146,-0.1947073805832031,0.02896939786637944,-0.2800112356639287,UTI Mid Cap Fund - Regular - Growth,1.51,10.0,10.0,2.5,41.25,87.5,20.9375,38
100016,0.012923525892154508,-0.18765046878624,0.03747580763443281,-0.24734440880673303,HDFC Top 100 Fund - Regular Plan - Growth,1.55,15.0,12.5,5.0,22.5,85.0,20.5,39
119092,0.005257668501786883,0.04524532299034367,0.0689952982167755,-0.1440161790933726,Axis Bluechip Fund - Regular - Growth,1.64,12.5,22.5,27.500000000000004,3.75,37.5,19.1875,40
